Name,Author,User Rating,Reviews,Price,Year,Genre,Avg rating,Highest  rated book,  rated book,Better Rating,Outliers
10-Day Green Smoothie Cleanse,JJ Smith,4.7,17350,8.00,08/07/1905,Non Fiction,4.618363636,4.9,3.3,,
11/22/63: A Novel,Stephen King,4.6,2052,22.00,03/07/1905,Fiction,4.618214936,,,,
12 Rules for Life: An Antidote to Chaos,Jordan B. Peterson,4.7,18979,15.00,10/07/1905,Non Fiction,4.618248175,,,,
1984 (Signet Classics),George Orwell,4.7,21424,6.00,09/07/1905,Fiction,4.61809872,,,,
"5,000 Awesome Facts (About Everything!) (National Geographic Kids)",National Geographic Kids,4.8,7665,12.00,11/07/1905,Non Fiction,4.617948718,,,,
A Dance with Dragons (A Song of Ice and Fire),George R. R. Martin,4.4,12643,11.00,03/07/1905,Fiction,4.617614679,,,,
A Game of Thrones / A Clash of Kings / A Storm of Swords / A Feast of Crows / A Dance with Dragons,George R. R. Martin,4.7,19735,30.00,06/07/1905,Fiction,4.618014706,,,,
A Gentleman in Moscow: A Novel,Amor Towles,4.7,19699,15.00,09/07/1905,Fiction,4.61786372,,,,
"A Higher Loyalty: Truth, Lies, and Leadership",James Comey,4.7,5983,3.00,10/07/1905,Non Fiction,4.617712177,,,,
A Man Called Ove: A Novel,Fredrik Backman,4.6,23848,8.00,08/07/1905,Fiction,4.617560074,,,,
A Man Called Ove: A Novel,Fredrik Backman,4.6,23848,8.00,09/07/1905,Fiction,4.617592593,,,,
A Patriot's History of the United States: From Columbus's Great Discovery to the War on Terror,Larry Schweikart,4.6,460,2.00,02/07/1905,Non Fiction,4.617625232,,,,
A Stolen Life: A Memoir,Jaycee Dugard,4.6,4149,32.00,03/07/1905,Non Fiction,4.617657993,,,,
A Wrinkle in Time (Time Quintet),Madeleine L'Engle,4.5,5153,5.00,10/07/1905,Fiction,4.617690875,,,,
"Act Like a Lady, Think Like a Man: What Men Really Think About Love, Relationships, Intimacy, and Commitment",Steve Harvey,4.6,5013,17.00,01/07/1905,Non Fiction,4.617910448,,,,
"Adult Coloring Book Designs: Stress Relief Coloring Book: Garden Designs, Mandalas, Animals, and Paisley Patterns",Adult Coloring Book Designs,4.5,2313,4.00,08/07/1905,Non Fiction,4.617943925,,,,
Adult Coloring Book: Stress Relieving Animal Designs,Blue Star Coloring,4.6,2925,6.00,07/07/1905,Non Fiction,4.618164794,,,,
Adult Coloring Book: Stress Relieving Patterns,Blue Star Coloring,4.4,2951,6.00,07/07/1905,Non Fiction,4.618198874,,,,
"Adult Coloring Books: A Coloring Book for Adults Featuring Mandalas and Henna Inspired Flowers, Animals, and Paisley…",Coloring Books for Adults,4.5,2426,8.00,07/07/1905,Non Fiction,4.618609023,,,,
Alexander Hamilton,Ron Chernow,4.8,9198,13.00,08/07/1905,Non Fiction,4.618832392,,,,
All the Light We Cannot See,Anthony Doerr,4.6,36348,14.00,06/07/1905,Fiction,4.618490566,,,,
All the Light We Cannot See,Anthony Doerr,4.6,36348,14.00,07/07/1905,Fiction,4.61852552,,,,
Allegiant,Veronica Roth,3.9,6310,13.00,05/07/1905,Fiction,4.618560606,,,,
American Sniper: The Autobiography of the Most Lethal Sniper in U.S. Military History,Chris Kyle,4.6,15921,9.00,07/07/1905,Non Fiction,4.619924099,,,,
And the Mountains Echoed,Khaled Hosseini,4.3,12159,13.00,05/07/1905,Fiction,4.619961977,,,,
Arguing with Idiots: How to Stop Small Minds and Big Government,Glenn Beck,4.6,798,5.00,01/07/1905,Non Fiction,4.620571429,,,,
Astrophysics for People in a Hurry,Neil deGrasse Tyson,4.7,9374,9.00,09/07/1905,Non Fiction,4.620610687,,,,
"Autobiography of Mark Twain, Vol. 1",Mark Twain,4.2,491,14.00,02/07/1905,Non Fiction,4.620458891,,,,
Baby Touch and Feel: Animals,DK,4.6,5360,5.00,07/07/1905,Non Fiction,4.621264368,,,,
Balance (Angie's Extreme Stress Menders),Angie Grace,4.6,1909,11.00,07/07/1905,Non Fiction,4.621305182,,,,
Barefoot Contessa Foolproof: Recipes You Can Trust: A Cookbook,Ina Garten,4.8,1296,24.00,04/07/1905,Non Fiction,4.621346154,,,,
"Barefoot Contessa, How Easy Is That?: Fabulous Recipes & Easy Tips",Ina Garten,4.7,615,21.00,02/07/1905,Non Fiction,4.621001927,,,,
Becoming,Michelle Obama,4.8,61133,11.00,10/07/1905,Non Fiction,4.620849421,,,,
Becoming,Michelle Obama,4.8,61133,11.00,11/07/1905,Non Fiction,4.620502901,,,,
Being Mortal: Medicine and What Matters in the End,Atul Gawande,4.8,11113,15.00,07/07/1905,Non Fiction,4.620155039,,,,
Between the World and Me,Ta-Nehisi Coates,4.7,10070,13.00,07/07/1905,Non Fiction,4.619805825,,,,
Between the World and Me,Ta-Nehisi Coates,4.7,10070,13.00,08/07/1905,Non Fiction,4.619649805,,,,
Born to Run,Bruce Springsteen,4.7,3729,18.00,08/07/1905,Non Fiction,4.619493177,,,,
"Breaking Dawn (The Twilight Saga, Book 4)",Stephenie Meyer,4.6,9769,13.00,01/07/1905,Fiction,4.619335938,,,,
"Broke: The Plan to Restore Our Trust, Truth and Treasure",Glenn Beck,4.5,471,8.00,02/07/1905,Non Fiction,4.619373777,,,,
"Brown Bear, Brown Bear, What Do You See?",Bill Martin Jr.,4.9,14344,5.00,09/07/1905,Fiction,4.619607843,,,,
"Brown Bear, Brown Bear, What Do You See?",Bill Martin Jr.,4.9,14344,5.00,11/07/1905,Fiction,4.619056974,,,,
"Cabin Fever (Diary of a Wimpy Kid, Book 6)",Jeff Kinney,4.8,4505,0.00,03/07/1905,Fiction,4.618503937,,,,
Calm the F*ck Down: An Irreverent Adult Coloring Book (Irreverent Book Series),Sasha O'Hara,4.6,10369,4.00,08/07/1905,Non Fiction,4.618145957,,,,
Can't Hurt Me: Master Your Mind and Defy the Odds,David Goggins,4.8,16244,18.00,11/07/1905,Non Fiction,4.618181818,,,,
Capital in the Twenty First Century,Thomas Piketty,4.5,2884,28.00,06/07/1905,Non Fiction,4.617821782,,,,
Catching Fire (The Hunger Games),Suzanne Collins,4.7,22614,11.00,02/07/1905,Fiction,4.618055556,,,,
Catching Fire (The Hunger Games),Suzanne Collins,4.7,22614,11.00,03/07/1905,Fiction,4.617892644,,,,
Catching Fire (The Hunger Games),Suzanne Collins,4.7,22614,11.00,04/07/1905,Fiction,4.617729084,,,,
Cravings: Recipes for All the Food You Want to Eat: A Cookbook,Chrissy Teigen,4.7,4761,16.00,08/07/1905,Non Fiction,4.61756487,,,,
Crazy Love: Overwhelmed by a Relentless God,Francis Chan,4.7,1542,14.00,01/07/1905,Non Fiction,4.6174,,,,
Crazy Love: Overwhelmed by a Relentless God,Francis Chan,4.7,1542,14.00,02/07/1905,Non Fiction,4.617234469,,,,
Crazy Love: Overwhelmed by a Relentless God,Francis Chan,4.7,1542,14.00,03/07/1905,Non Fiction,4.617068273,,,,
Crazy Rich Asians (Crazy Rich Asians Trilogy),Kevin Kwan,4.3,6143,8.00,10/07/1905,Fiction,4.616901408,,,,
Creative Haven Creative Cats Coloring Book (Adult Coloring),Marjorie Sarnat,4.8,4022,4.00,07/07/1905,Non Fiction,4.617540323,,,,
Creative Haven Owls Coloring Book (Adult Coloring),Marjorie Sarnat,4.8,3871,5.00,07/07/1905,Non Fiction,4.617171717,,,,
Cutting for Stone,Abraham Verghese,4.6,4866,11.00,02/07/1905,Fiction,4.616801619,,,,
Cutting for Stone,Abraham Verghese,4.6,4866,11.00,03/07/1905,Fiction,4.6168357,,,,
"Daring Greatly: How the Courage to Be Vulnerable Transforms the Way We Live, Love, Parent, and Lead",Brené Brown,4.8,1329,10.00,05/07/1905,Non Fiction,4.616869919,,,,
"David and Goliath: Underdogs, Misfits, and the Art of Battling Giants",Malcolm Gladwell,4.4,4642,13.00,05/07/1905,Non Fiction,4.616496945,,,,
Dead And Gone: A Sookie Stackhouse Novel (Sookie Stackhouse/True Blood),Charlaine Harris,4.6,1541,4.00,01/07/1905,Fiction,4.616938776,,,,
"Dead in the Family (Sookie Stackhouse/True Blood, Book 10)",Charlaine Harris,4.3,1924,8.00,02/07/1905,Fiction,4.616973415,,,,
"Dead Reckoning (Sookie Stackhouse/True Blood, Book 11)",Charlaine Harris,4.2,2094,4.00,03/07/1905,Fiction,4.617622951,,,,
Dear Zoo: A Lift-the-Flap Book,Rod Campbell,4.8,10922,5.00,07/07/1905,Fiction,4.618480493,,,,
Dear Zoo: A Lift-the-Flap Book,Rod Campbell,4.8,10922,5.00,08/07/1905,Fiction,4.618106996,,,,
Dear Zoo: A Lift-the-Flap Book,Rod Campbell,4.8,10922,5.00,09/07/1905,Fiction,4.617731959,,,,
Dear Zoo: A Lift-the-Flap Book,Rod Campbell,4.8,10922,5.00,10/07/1905,Fiction,4.617355372,,,,
Decision Points,George W. Bush,4.6,2137,17.00,02/07/1905,Non Fiction,4.616977226,,,,
"Delivering Happiness: A Path to Profits, Passion, and Purpose",Tony Hsieh,4.6,1651,15.00,02/07/1905,Non Fiction,4.617012448,,,,
"Diagnostic and Statistical Manual of Mental Disorders, 5th Edition: DSM-5",American Psychiatric Association,4.5,6679,105.00,05/07/1905,Non Fiction,4.617047817,,,,
"Diagnostic and Statistical Manual of Mental Disorders, 5th Edition: DSM-5",American Psychiatric Association,4.5,6679,105.00,06/07/1905,Non Fiction,4.617291667,,,,
"Diary of a Wimpy Kid: Hard Luck, Book 8",Jeff Kinney,4.8,6812,0.00,05/07/1905,Fiction,4.617536534,,,,
Diary of a Wimpy Kid: The Last Straw (Book 3),Jeff Kinney,4.8,3837,15.00,01/07/1905,Fiction,4.617154812,,,,
Diary of a Wimpy Kid: The Long Haul,Jeff Kinney,4.8,6540,22.00,06/07/1905,Fiction,4.616771488,,,,
Difficult Riddles For Smart Kids: 300 Difficult Riddles And Brain Teasers Families Will Love (Books for Smart Kids),M Prefontaine,4.6,7955,5.00,11/07/1905,Non Fiction,4.616386555,,,,
Divergent,Veronica Roth,4.6,27098,15.00,05/07/1905,Fiction,4.616421053,,,,
Divergent,Veronica Roth,4.6,27098,15.00,06/07/1905,Fiction,4.616455696,,,,
Divergent / Insurgent,Veronica Roth,4.5,17684,6.00,06/07/1905,Fiction,4.616490486,,,,
"Divine Soul Mind Body Healing and Transmission System: The Divine Way to Heal You, Humanity, Mother Earth, and All…",Zhi Gang Sha,4.6,37,6.00,01/07/1905,Non Fiction,4.616737288,,,,
Doctor Sleep: A Novel,Stephen King,4.7,15845,13.00,05/07/1905,Fiction,4.616772824,,,,
"Dog Days (Diary of a Wimpy Kid, Book 4) (Volume 4)",Jeff Kinney,4.8,3181,12.00,01/07/1905,Fiction,4.616595745,,,,
Dog Man and Cat Kid: From the Creator of Captain Underpants (Dog Man #4),Dav Pilkey,4.9,5062,6.00,10/07/1905,Fiction,4.616204691,,,,
Dog Man: A Tale of Two Kitties: From the Creator of Captain Underpants (Dog Man #3),Dav Pilkey,4.9,4786,8.00,09/07/1905,Fiction,4.615598291,,,,
Dog Man: Brawl of the Wild: From the Creator of Captain Underpants (Dog Man #6),Dav Pilkey,4.9,7235,4.00,10/07/1905,Fiction,4.614989293,,,,
Dog Man: Brawl of the Wild: From the Creator of Captain Underpants (Dog Man #6),Dav Pilkey,4.9,7235,4.00,11/07/1905,Fiction,4.614377682,,,,
Dog Man: Fetch-22: From the Creator of Captain Underpants (Dog Man #8),Dav Pilkey,4.9,12619,8.00,11/07/1905,Fiction,4.613763441,,,,
Dog Man: For Whom the Ball Rolls: From the Creator of Captain Underpants (Dog Man #7),Dav Pilkey,4.9,9089,8.00,11/07/1905,Fiction,4.613146552,,,,
Dog Man: Lord of the Fleas: From the Creator of Captain Underpants (Dog Man #5),Dav Pilkey,4.9,5470,6.00,10/07/1905,Fiction,4.612526998,,,,
Double Down (Diary of a Wimpy Kid #11),Jeff Kinney,4.8,5118,20.00,08/07/1905,Fiction,4.611904762,,,,
Dover Creative Haven Art Nouveau Animal Designs Coloring Book (Creative Haven Coloring Books),Marty Noble,4.6,2134,5.00,07/07/1905,Non Fiction,4.611496746,,,,
Drive: The Surprising Truth About What Motivates Us,Daniel H. Pink,4.5,2525,16.00,02/07/1905,Non Fiction,4.611521739,,,,
Eat This Not That! Supermarket Survival Guide: The No-Diet Weight Loss Solution,David Zinczenko,4.5,720,1.00,01/07/1905,Non Fiction,4.611764706,,,,
"Eat This, Not That! Thousands of Simple Food Swaps that Can Save You 10, 20, 30 Pounds--or More!",David Zinczenko,4.3,956,14.00,01/07/1905,Non Fiction,4.612008734,,,,
"Eat to Live: The Amazing Nutrient-Rich Program for Fast and Sustained Weight Loss, Revised Edition",Joel Fuhrman MD,4.5,6346,9.00,03/07/1905,Non Fiction,4.612691466,,,,
"Eat to Live: The Amazing Nutrient-Rich Program for Fast and Sustained Weight Loss, Revised Edition",Joel Fuhrman MD,4.5,6346,9.00,04/07/1905,Non Fiction,4.612938596,,,,
Eclipse (Twilight Sagas),Stephenie Meyer,4.7,5505,7.00,01/07/1905,Fiction,4.613186813,,,,
Eclipse (Twilight),Stephenie Meyer,4.7,5505,18.00,01/07/1905,Fiction,4.612995595,,,,
Educated: A Memoir,Tara Westover,4.7,28729,15.00,10/07/1905,Non Fiction,4.612803532,,,,
Educated: A Memoir,Tara Westover,4.7,28729,15.00,11/07/1905,Non Fiction,4.612610619,,,,
"Enchanted Forest: An Inky Quest and Coloring book (Activity Books, Mindfulness and Meditation, Illustrated Floral Prints…",Johanna Basford,4.7,5413,9.00,07/07/1905,Non Fiction,4.612416851,,,,
Fahrenheit 451,Ray Bradbury,4.6,10721,8.00,08/07/1905,Fiction,4.612222222,,,,
Fahrenheit 451,Ray Bradbury,4.6,10721,8.00,10/07/1905,Fiction,4.612249443,,,,
Fantastic Beasts and Where to Find Them: The Original Screenplay (Harry Potter),J.K. Rowling,4.7,4370,15.00,08/07/1905,Fiction,4.612276786,,,,
Fear: Trump in the White House,Bob Woodward,4.4,6042,2.00,10/07/1905,Non Fiction,4.612080537,,,,
Fifty Shades Darker,E L James,4.4,23631,7.00,04/07/1905,Fiction,4.612556054,,,,
Fifty Shades Freed: Book Three of the Fifty Shades Trilogy (Fifty Shades of Grey Series) (English Edition),E L James,4.5,20262,11.00,04/07/1905,Fiction,4.613033708,,,,
Fifty Shades of Grey: Book One of the Fifty Shades Trilogy (Fifty Shades of Grey Series),E L James,3.8,47265,14.00,04/07/1905,Fiction,4.613288288,,,,
Fifty Shades of Grey: Book One of the Fifty Shades Trilogy (Fifty Shades of Grey Series),E L James,3.8,47265,14.00,05/07/1905,Fiction,4.615124153,,,,
Fifty Shades Trilogy (Fifty Shades of Grey / Fifty Shades Darker / Fifty Shades Freed),E L James,4.5,13964,32.00,04/07/1905,Fiction,4.616968326,,,,
Fire and Fury: Inside the Trump White House,Michael Wolff,4.2,13677,6.00,10/07/1905,Non Fiction,4.61723356,,,,
First 100 Words,Roger Priddy,4.7,17323,4.00,06/07/1905,Non Fiction,4.618181818,,,,
First 100 Words,Roger Priddy,4.7,17323,4.00,07/07/1905,Non Fiction,4.617995444,,,,
First 100 Words,Roger Priddy,4.7,17323,4.00,08/07/1905,Non Fiction,4.617808219,,,,
First 100 Words,Roger Priddy,4.7,17323,4.00,09/07/1905,Non Fiction,4.617620137,,,,
First 100 Words,Roger Priddy,4.7,17323,4.00,10/07/1905,Non Fiction,4.617431193,,,,
Food Rules: An Eater's Manual,Michael Pollan,4.4,1555,9.00,02/07/1905,Non Fiction,4.617241379,,,,
Frozen (Little Golden Book),RH Disney,4.7,3642,0.00,06/07/1905,Fiction,4.617741935,,,,
"Game Change: Obama and the Clintons, McCain and Palin, and the Race of a Lifetime",John Heilemann,4.4,1215,9.00,02/07/1905,Non Fiction,4.617551963,,,,
Game of Thrones Boxed Set: A Game of Thrones/A Clash of Kings/A Storm of Swords/A Feast for Crows,George R.R. Martin,4.6,5594,5.00,03/07/1905,Fiction,4.618055556,,,,
Game of Thrones Boxed Set: A Game of Thrones/A Clash of Kings/A Storm of Swords/A Feast for Crows,George R.R. Martin,4.6,5594,5.00,04/07/1905,Fiction,4.618097448,,,,
Game of Thrones Boxed Set: A Game of Thrones/A Clash of Kings/A Storm of Swords/A Feast for Crows,George R.R. Martin,4.6,5594,5.00,05/07/1905,Fiction,4.618139535,,,,
George Washington's Sacred Fire,Peter A. Lillback,4.5,408,20.00,02/07/1905,Non Fiction,4.618181818,,,,
George Washington's Secret Six: The Spy Ring That Saved the American Revolution,Brian Kilmeade,4.6,4799,16.00,05/07/1905,Non Fiction,4.618457944,,,,
Giraffes Can't Dance,Giles Andreae,4.8,14038,4.00,07/07/1905,Fiction,4.618501171,,,,
Giraffes Can't Dance,Giles Andreae,4.8,14038,4.00,08/07/1905,Fiction,4.618075117,,,,
Giraffes Can't Dance,Giles Andreae,4.8,14038,4.00,09/07/1905,Fiction,4.617647059,,,,
Giraffes Can't Dance,Giles Andreae,4.8,14038,4.00,10/07/1905,Fiction,4.617216981,,,,
Giraffes Can't Dance,Giles Andreae,4.8,14038,4.00,11/07/1905,Fiction,4.61678487,,,,
"Girl, Stop Apologizing: A Shame-Free Plan for Embracing and Achieving Your Goals",Rachel Hollis,4.6,7660,12.00,11/07/1905,Non Fiction,4.616350711,,,,
"Girl, Wash Your Face: Stop Believing the Lies About Who You Are So You Can Become Who You Were Meant to Be",Rachel Hollis,4.6,22288,12.00,10/07/1905,Non Fiction,4.616389549,,,,
"Girl, Wash Your Face: Stop Believing the Lies About Who You Are So You Can Become Who You Were Meant to Be",Rachel Hollis,4.6,22288,12.00,11/07/1905,Non Fiction,4.616428571,,,,
"Glenn Beck's Common Sense: The Case Against an Out-of-Control Government, Inspired by Thomas Paine",Glenn Beck,4.6,1365,11.00,01/07/1905,Non Fiction,4.61646778,,,,
Go Set a Watchman: A Novel,Harper Lee,3.6,14982,19.00,07/07/1905,Fiction,4.616507177,,,,
Go the F**k to Sleep,Adam Mansbach,4.8,9568,9.00,03/07/1905,Fiction,4.618944844,,,,
Going Rogue: An American Life,Sarah Palin,4.6,1636,6.00,01/07/1905,Non Fiction,4.618509615,,,,
Gone Girl,Gillian Flynn,4,57271,10.00,04/07/1905,Fiction,4.618554217,,,,
Gone Girl,Gillian Flynn,4,57271,10.00,05/07/1905,Fiction,4.620048309,,,,
Gone Girl,Gillian Flynn,4,57271,9.00,06/07/1905,Fiction,4.621549637,,,,
Good Days Start With Gratitude: A 52 Week Guide To Cultivate An Attitude Of Gratitude: Gratitude Journal,Pretty Simple Press,4.6,10141,6.00,11/07/1905,Non Fiction,4.623058252,,,,
Good to Great: Why Some Companies Make the Leap and Others Don't,Jim Collins,4.5,3457,14.00,01/07/1905,Non Fiction,4.623114355,,,,
Good to Great: Why Some Companies Make the Leap and Others Don't,Jim Collins,4.5,3457,14.00,02/07/1905,Non Fiction,4.623414634,,,,
Good to Great: Why Some Companies Make the Leap and Others Don't,Jim Collins,4.5,3457,14.00,03/07/1905,Non Fiction,4.623716381,,,,
Good to Great: Why Some Companies Make the Leap and Others Don't,Jim Collins,4.5,3457,14.00,04/07/1905,Non Fiction,4.624019608,,,,
Goodnight Moon,Margaret Wise Brown,4.8,8837,5.00,09/07/1905,Fiction,4.624324324,,,,
Goodnight Moon,Margaret Wise Brown,4.8,8837,5.00,10/07/1905,Fiction,4.623891626,,,,
Goodnight Moon,Margaret Wise Brown,4.8,8837,5.00,11/07/1905,Fiction,4.62345679,,,,
"Goodnight, Goodnight Construction Site (Hardcover Books for Toddlers, Preschool Books for Kids)",Sherri Duskey Rinker,4.9,7038,7.00,04/07/1905,Fiction,4.623019802,,,,
"Goodnight, Goodnight Construction Site (Hardcover Books for Toddlers, Preschool Books for Kids)",Sherri Duskey Rinker,4.9,7038,7.00,05/07/1905,Fiction,4.622332506,,,,
"Grain Brain: The Surprising Truth about Wheat, Carbs, and Sugar--Your Brain's Silent Killers",David Perlmutter MD,4.6,5972,10.00,06/07/1905,Non Fiction,4.621641791,,,,
Grey: Fifty Shades of Grey as Told by Christian (Fifty Shades of Grey Series),E L James,4.4,25624,14.00,07/07/1905,Fiction,4.621695761,,,,
Guts,Raina Telgemeier,4.8,5476,7.00,11/07/1905,Non Fiction,4.62225,,,,
Hamilton: The Revolution,Lin-Manuel Miranda,4.9,5867,54.00,08/07/1905,Non Fiction,4.621804511,,,,
"Happy, Happy, Happy: My Life and Legacy as the Duck Commander",Phil Robertson,4.8,4148,11.00,05/07/1905,Non Fiction,4.621105528,,,,
"Harry Potter and the Chamber of Secrets: The Illustrated Edition (Harry Potter, Book 2)",J.K. Rowling,4.9,19622,30.00,08/07/1905,Fiction,4.620654912,,,,
"Harry Potter and the Cursed Child, Parts 1 & 2, Special Rehearsal Edition Script",J.K. Rowling,4,23973,12.00,08/07/1905,Fiction,4.619949495,,,,
"Harry Potter and the Goblet of Fire: The Illustrated Edition (Harry Potter, Book 4) (4)",J. K. Rowling,4.9,7758,18.00,11/07/1905,Fiction,4.621518987,,,,
"Harry Potter and the Prisoner of Azkaban: The Illustrated Edition (Harry Potter, Book 3)",J.K. Rowling,4.9,3146,30.00,09/07/1905,Fiction,4.620812183,,,,
"Harry Potter and the Sorcerer's Stone: The Illustrated Edition (Harry Potter, Book 1)",J.K. Rowling,4.9,10052,22.00,08/07/1905,Fiction,4.620101781,,,,
Harry Potter Coloring Book,Scholastic,4.7,3564,9.00,07/07/1905,Non Fiction,4.619387755,,,,
Harry Potter Paperback Box Set (Books 1-7),J. K. Rowling,4.8,13471,52.00,08/07/1905,Fiction,4.619181586,,,,
Have a Little Faith: A True Story,Mitch Albom,4.8,1930,4.00,01/07/1905,Non Fiction,4.618717949,,,,
Heaven is for Real: A Little Boy's Astounding Story of His Trip to Heaven and Back,Todd Burpo,4.7,15779,10.00,03/07/1905,Non Fiction,4.618251928,,,,
Heaven is for Real: A Little Boy's Astounding Story of His Trip to Heaven and Back,Todd Burpo,4.7,15779,10.00,04/07/1905,Non Fiction,4.618041237,,,,
Hillbilly Elegy: A Memoir of a Family and Culture in Crisis,J. D. Vance,4.4,15526,14.00,08/07/1905,Non Fiction,4.617829457,,,,
Hillbilly Elegy: A Memoir of a Family and Culture in Crisis,J. D. Vance,4.4,15526,14.00,09/07/1905,Non Fiction,4.618393782,,,,
Homebody: A Guide to Creating Spaces You Never Want to Leave,Joanna Gaines,4.8,3776,22.00,10/07/1905,Non Fiction,4.618961039,,,,
How to Win Friends & Influence People,Dale Carnegie,4.7,25001,11.00,06/07/1905,Non Fiction,4.618489583,,,,
How to Win Friends & Influence People,Dale Carnegie,4.7,25001,11.00,07/07/1905,Non Fiction,4.618276762,,,,
How to Win Friends & Influence People,Dale Carnegie,4.7,25001,11.00,08/07/1905,Non Fiction,4.618062827,,,,
How to Win Friends & Influence People,Dale Carnegie,4.7,25001,11.00,09/07/1905,Non Fiction,4.617847769,,,,
How to Win Friends & Influence People,Dale Carnegie,4.7,25001,11.00,10/07/1905,Non Fiction,4.617631579,,,,
Howard Stern Comes Again,Howard Stern,4.3,5272,16.00,11/07/1905,Non Fiction,4.617414248,,,,
Humans of New York,Brandon Stanton,4.8,3490,15.00,05/07/1905,Non Fiction,4.618253968,,,,
Humans of New York,Brandon Stanton,4.8,3490,15.00,06/07/1905,Non Fiction,4.617771883,,,,
Humans of New York : Stories,Brandon Stanton,4.9,2812,17.00,07/07/1905,Non Fiction,4.617287234,,,,
"Hyperbole and a Half: Unfortunate Situations, Flawed Coping Mechanisms, Mayhem, and Other Things That Happened",Allie Brosh,4.7,4896,17.00,05/07/1905,Non Fiction,4.616533333,,,,
"I Am Confident, Brave & Beautiful: A Coloring Book for Girls",Hopscotch Girls,4.8,9737,7.00,11/07/1905,Non Fiction,4.61631016,,,,
"I, Alex Cross",James Patterson,4.6,1320,7.00,01/07/1905,Fiction,4.615817694,,,,
If Animals Kissed Good Night,Ann Whitford Paul,4.8,16643,4.00,09/07/1905,Fiction,4.615860215,,,,
If Animals Kissed Good Night,Ann Whitford Paul,4.8,16643,4.00,11/07/1905,Fiction,4.615363881,,,,
If I Stay,Gayle Forman,4.3,7153,9.00,06/07/1905,Fiction,4.614864865,,,,
"In the Garden of Beasts: Love, Terror, and an American Family in Hitler's Berlin",Eric Larson,4.4,4571,21.00,03/07/1905,Non Fiction,4.615718157,,,,
Inferno,Dan Brown,4.1,29651,14.00,05/07/1905,Fiction,4.616304348,,,,
Inheritance: Book IV (Inheritance Cycle),Christopher Paolini,4.6,5299,20.00,03/07/1905,Fiction,4.617711172,,,,
Instant Pot Pressure Cooker Cookbook: 500 Everyday Recipes for Beginners and Advanced Users. Try Easy and Healthy…,Jennifer Smith,4.4,7396,13.00,11/07/1905,Non Fiction,4.617759563,,,,
Instant Pot Pressure Cooker Cookbook: 500 Everyday Recipes for Beginners and Advanced Users. Try Easy and Healthy…,Jennifer Smith,4.4,7396,13.00,10/07/1905,Non Fiction,4.618356164,,,,
It's Not Supposed to Be This Way: Finding Unexpected Strength When Disappointments Leave You Shattered,Lysa TerKeurst,4.8,7062,12.00,11/07/1905,Non Fiction,4.618956044,,,,
Jesus Calling: Enjoying Peace in His Presence (with Scripture References),Sarah Young,4.9,19576,8.00,03/07/1905,Non Fiction,4.6184573,,,,
Jesus Calling: Enjoying Peace in His Presence (with Scripture References),Sarah Young,4.9,19576,8.00,04/07/1905,Non Fiction,4.617679558,,,,
Jesus Calling: Enjoying Peace in His Presence (with Scripture References),Sarah Young,4.9,19576,8.00,05/07/1905,Non Fiction,4.616897507,,,,
Jesus Calling: Enjoying Peace in His Presence (with Scripture References),Sarah Young,4.9,19576,8.00,06/07/1905,Non Fiction,4.616111111,,,,
Jesus Calling: Enjoying Peace in His Presence (with Scripture References),Sarah Young,4.9,19576,8.00,07/07/1905,Non Fiction,4.615320334,,,,
Jesus Calling: Enjoying Peace in His Presence (with Scripture References),Sarah Young,4.9,19576,8.00,08/07/1905,Non Fiction,4.61452514,,,,
JOURNEY TO THE ICE P,RH Disney,4.6,978,0.00,06/07/1905,Fiction,4.61372549,,,,
Joyland (Hard Case Crime),Stephen King,4.5,4748,12.00,05/07/1905,Fiction,4.613764045,,,,
Killers of the Flower Moon: The Osage Murders and the Birth of the FBI,David Grann,4.6,8393,17.00,09/07/1905,Non Fiction,4.614084507,,,,
Killing Jesus (Bill O'Reilly's Killing Series),Bill O'Reilly,4.5,11391,12.00,05/07/1905,Non Fiction,4.614124294,,,,
Killing Kennedy: The End of Camelot,Bill O'Reilly,4.6,8634,25.00,04/07/1905,Non Fiction,4.614447592,,,,
Killing Lincoln: The Shocking Assassination that Changed America Forever (Bill O'Reilly's Killing Series),Bill O'Reilly,4.7,9342,10.00,03/07/1905,Non Fiction,4.614488636,,,,
Killing Lincoln: The Shocking Assassination that Changed America Forever (Bill O'Reilly's Killing Series),Bill O'Reilly,4.7,9342,10.00,04/07/1905,Non Fiction,4.614245014,,,,
Killing Patton: The Strange Death of World War II's Most Audacious General (Bill O'Reilly's Killing Series),Bill O'Reilly,4.6,10927,6.00,06/07/1905,Non Fiction,4.614,,,,
Killing Reagan: The Violent Assault That Changed a Presidency (Bill O'Reilly's Killing Series),Bill O'Reilly,4.6,5235,5.00,07/07/1905,Non Fiction,4.614040115,,,,
Killing the Rising Sun: How America Vanquished World War II Japan (Bill O'Reilly's Killing Series),Bill O'Reilly,4.8,8916,6.00,08/07/1905,Non Fiction,4.61408046,,,,
Kitchen Confidential Updated Edition: Adventures in the Culinary Underbelly (P.S.),Anthony Bourdain,4.8,2507,8.00,10/07/1905,Non Fiction,4.613544669,,,,
Knock-Knock Jokes for Kids,Rob Elliott,4.5,3673,4.00,05/07/1905,Non Fiction,4.61300578,,,,
Knock-Knock Jokes for Kids,Rob Elliott,4.5,3673,4.00,06/07/1905,Non Fiction,4.613333333,,,,
Knock-Knock Jokes for Kids,Rob Elliott,4.5,3673,4.00,07/07/1905,Non Fiction,4.613662791,,,,
"Last Week Tonight with John Oliver Presents A Day in the Life of Marlon Bundo (Better Bundo Book, LGBT Childrens Book)",Jill Twiss,4.9,11881,13.00,10/07/1905,Fiction,4.613994169,,,,
Laugh-Out-Loud Jokes for Kids,Rob Elliott,4.6,6990,4.00,05/07/1905,Non Fiction,4.613157895,,,,
Laugh-Out-Loud Jokes for Kids,Rob Elliott,4.6,6990,4.00,06/07/1905,Non Fiction,4.613196481,,,,
Laugh-Out-Loud Jokes for Kids,Rob Elliott,4.6,6990,4.00,07/07/1905,Non Fiction,4.613235294,,,,
Laugh-Out-Loud Jokes for Kids,Rob Elliott,4.6,6990,4.00,08/07/1905,Non Fiction,4.613274336,,,,
Laugh-Out-Loud Jokes for Kids,Rob Elliott,4.6,6990,4.00,09/07/1905,Non Fiction,4.613313609,,,,
"Lean In: Women, Work, and the Will to Lead",Sheryl Sandberg,4.5,6132,13.00,05/07/1905,Non Fiction,4.613353116,,,,
Leonardo da Vinci,Walter Isaacson,4.5,3014,21.00,09/07/1905,Non Fiction,4.613690476,,,,
Lettering and Modern Calligraphy: A Beginner's Guide: Learn Hand Lettering and Brush Lettering,Paper Peony Press,4.4,7550,6.00,10/07/1905,Non Fiction,4.614029851,,,,
Liberty and Tyranny: A Conservative Manifesto,Mark R. Levin,4.8,3828,15.00,01/07/1905,Non Fiction,4.614670659,,,,
Life,Keith Richards,4.5,2752,18.00,02/07/1905,Non Fiction,4.614114114,,,,
Little Bee: A Novel,Chris Cleave,4.1,1467,10.00,02/07/1905,Fiction,4.614457831,,,,
Little Blue Truck,Alice Schertle,4.9,1884,0.00,06/07/1905,Fiction,4.616012085,,,,
Little Fires Everywhere,Celeste Ng,4.5,25706,12.00,10/07/1905,Fiction,4.615151515,,,,
Looking for Alaska,John Green,4.5,8491,7.00,06/07/1905,Fiction,4.61550152,,,,
"Love Wins: A Book About Heaven, Hell, and the Fate of Every Person Who Ever Lived",Rob Bell,4.2,1649,13.00,03/07/1905,Non Fiction,4.615853659,,,,
Love You Forever,Robert Munsch,4.8,18613,5.00,06/07/1905,Fiction,4.617125382,,,,
Love You Forever,Robert Munsch,4.8,18613,5.00,07/07/1905,Fiction,4.616564417,,,,
Magnolia Table: A Collection of Recipes for Gathering,Joanna Gaines,4.8,9867,16.00,10/07/1905,Non Fiction,4.616,,,,
Make It Ahead: A Barefoot Contessa Cookbook,Ina Garten,4.5,1386,20.00,06/07/1905,Non Fiction,4.615432099,,,,
Make Your Bed: Little Things That Can Change Your Life...And Maybe the World,Admiral William H. McRaven,4.7,10199,11.00,09/07/1905,Non Fiction,4.615789474,,,,
"Mastering the Art of French Cooking, Vol. 2",Julia Child,4.8,2926,27.00,01/07/1905,Non Fiction,4.61552795,,,,
Milk and Honey,Rupi Kaur,4.7,17739,8.00,08/07/1905,Non Fiction,4.614953271,,,,
Milk and Honey,Rupi Kaur,4.7,17739,8.00,09/07/1905,Non Fiction,4.6146875,,,,
Milk and Honey,Rupi Kaur,4.7,17739,8.00,10/07/1905,Non Fiction,4.614420063,,,,
Milk and Vine: Inspirational Quotes From Classic Vines,Adam Gasiewski,4.4,3113,6.00,09/07/1905,Non Fiction,4.614150943,,,,
Mindset: The New Psychology of Success,Carol S. Dweck,4.6,5542,10.00,06/07/1905,Non Fiction,4.614826498,,,,
Mindset: The New Psychology of Success,Carol S. Dweck,4.6,5542,10.00,07/07/1905,Non Fiction,4.614873418,,,,
Mindset: The New Psychology of Success,Carol S. Dweck,4.6,5542,10.00,08/07/1905,Non Fiction,4.614920635,,,,
Mockingjay (The Hunger Games),Suzanne Collins,4.5,26741,8.00,02/07/1905,Fiction,4.614968153,,,,
Mockingjay (The Hunger Games),Suzanne Collins,4.5,26741,8.00,03/07/1905,Fiction,4.615335463,,,,
Mockingjay (The Hunger Games),Suzanne Collins,4.5,26741,8.00,04/07/1905,Fiction,4.615705128,,,,
"National Geographic Kids Why?: Over 1,111 Answers to Everything",Crispin Boyer,4.8,5347,16.00,11/07/1905,Non Fiction,4.61607717,,,,
National Geographic Little Kids First Big Book of Why (National Geographic Little Kids First Big Books),Amy Shields,4.8,7866,11.00,11/07/1905,Non Fiction,4.615483871,,,,
New Moon (The Twilight Saga),Stephenie Meyer,4.6,5680,10.00,01/07/1905,Fiction,4.614886731,,,,
Night (Night),Elie Wiesel,4.7,5178,9.00,08/07/1905,Non Fiction,4.614935065,,,,
No Easy Day: The Autobiography of a Navy Seal: The Firsthand Account of the Mission That Killed Osama Bin Laden,Mark Owen,4.6,8093,14.00,04/07/1905,Non Fiction,4.61465798,,,,
Obama: An Intimate Portrait,Pete Souza,4.9,3192,22.00,09/07/1905,Non Fiction,4.614705882,,,,
"Oh, the Places You'll Go!",Dr. Seuss,4.9,21834,8.00,04/07/1905,Fiction,4.613770492,,,,
"Oh, the Places You'll Go!",Dr. Seuss,4.9,21834,8.00,05/07/1905,Fiction,4.612828947,,,,
"Oh, the Places You'll Go!",Dr. Seuss,4.9,21834,8.00,06/07/1905,Fiction,4.611881188,,,,
"Oh, the Places You'll Go!",Dr. Seuss,4.9,21834,8.00,07/07/1905,Fiction,4.610927152,,,,
"Oh, the Places You'll Go!",Dr. Seuss,4.9,21834,8.00,08/07/1905,Fiction,4.609966777,,,,
"Oh, the Places You'll Go!",Dr. Seuss,4.9,21834,8.00,09/07/1905,Fiction,4.609,,,,
"Oh, the Places You'll Go!",Dr. Seuss,4.9,21834,8.00,10/07/1905,Fiction,4.608026756,,,,
"Oh, the Places You'll Go!",Dr. Seuss,4.9,21834,8.00,11/07/1905,Fiction,4.60704698,,,,
Old School (Diary of a Wimpy Kid #10),Jeff Kinney,4.8,6169,7.00,07/07/1905,Fiction,4.606060606,,,,
Olive Kitteridge,Elizabeth Strout,4.2,4519,12.00,01/07/1905,Fiction,4.605405405,,,,
One Thousand Gifts: A Dare to Live Fully Right Where You Are,Ann Voskamp,4.6,3163,13.00,03/07/1905,Non Fiction,4.606779661,,,,
One Thousand Gifts: A Dare to Live Fully Right Where You Are,Ann Voskamp,4.6,3163,13.00,04/07/1905,Non Fiction,4.606802721,,,,
"Option B: Facing Adversity, Building Resilience, and Finding Joy",Sheryl Sandberg,4.5,1831,9.00,09/07/1905,Non Fiction,4.606825939,,,,
Origin: A Novel (Robert Langdon),Dan Brown,4.3,18904,13.00,09/07/1905,Fiction,4.607191781,,,,
Orphan Train,Christina Baker Kline,4.6,21930,11.00,06/07/1905,Fiction,4.608247423,,,,
Outliers: The Story of Success,Malcolm Gladwell,4.6,10426,20.00,01/07/1905,Non Fiction,4.608275862,,,,
Outliers: The Story of Success,Malcolm Gladwell,4.6,10426,20.00,02/07/1905,Non Fiction,4.608304498,,,,
P is for Potty! (Sesame Street) (Lift-the-Flap),Naomi Kleinberg,4.7,10820,5.00,10/07/1905,Non Fiction,4.608333333,,,,
P is for Potty! (Sesame Street) (Lift-the-Flap),Naomi Kleinberg,4.7,10820,5.00,11/07/1905,Non Fiction,4.608013937,,,,
Percy Jackson and the Olympians Paperback Boxed Set (Books 1-3),Rick Riordan,4.8,548,2.00,02/07/1905,Fiction,4.607692308,,,,
Player's Handbook (Dungeons & Dragons),Wizards RPG Team,4.8,16990,27.00,09/07/1905,Fiction,4.607017544,,,,
Player's Handbook (Dungeons & Dragons),Wizards RPG Team,4.8,16990,27.00,10/07/1905,Fiction,4.606338028,,,,
Player's Handbook (Dungeons & Dragons),Wizards RPG Team,4.8,16990,27.00,11/07/1905,Fiction,4.60565371,,,,
Pokémon Deluxe Essential Handbook: The Need-to-Know Stats and Facts on Over 700 Pokémon,Scholastic,4.7,3503,9.00,08/07/1905,Fiction,4.604964539,,,,
Proof of Heaven: A Neurosurgeon's Journey into the Afterlife,Eben Alexander,4.3,13616,10.00,04/07/1905,Non Fiction,4.604626335,,,,
Proof of Heaven: A Neurosurgeon's Journey into the Afterlife,Eben Alexander,4.3,13616,10.00,05/07/1905,Non Fiction,4.605714286,,,,
"Publication Manual of the American Psychological Association, 6th Edition",American Psychological Association,4.5,8580,46.00,01/07/1905,Non Fiction,4.606810036,,,,
"Publication Manual of the American Psychological Association, 6th Edition",American Psychological Association,4.5,8580,46.00,02/07/1905,Non Fiction,4.607194245,,,,
"Publication Manual of the American Psychological Association, 6th Edition",American Psychological Association,4.5,8580,46.00,03/07/1905,Non Fiction,4.607581227,,,,
"Publication Manual of the American Psychological Association, 6th Edition",American Psychological Association,4.5,8580,46.00,04/07/1905,Non Fiction,4.607971014,,,,
"Publication Manual of the American Psychological Association, 6th Edition",American Psychological Association,4.5,8580,46.00,05/07/1905,Non Fiction,4.608363636,,,,
"Publication Manual of the American Psychological Association, 6th Edition",American Psychological Association,4.5,8580,46.00,06/07/1905,Non Fiction,4.608759124,,,,
"Publication Manual of the American Psychological Association, 6th Edition",American Psychological Association,4.5,8580,46.00,07/07/1905,Non Fiction,4.609157509,,,,
"Publication Manual of the American Psychological Association, 6th Edition",American Psychological Association,4.5,8580,46.00,08/07/1905,Non Fiction,4.609558824,,,,
"Publication Manual of the American Psychological Association, 6th Edition",American Psychological Association,4.5,8580,46.00,09/07/1905,Non Fiction,4.6099631,,,,
"Publication Manual of the American Psychological Association, 6th Edition",American Psychological Association,4.5,8580,46.00,10/07/1905,Non Fiction,4.61037037,,,,
Puppy Birthday to You! (Paw Patrol) (Little Golden Book),Golden Books,4.8,4757,4.00,09/07/1905,Fiction,4.610780669,,,,
Quiet: The Power of Introverts in a World That Can't Stop Talking,Susan Cain,4.6,10009,20.00,04/07/1905,Non Fiction,4.610074627,,,,
Quiet: The Power of Introverts in a World That Can't Stop Talking,Susan Cain,4.6,10009,7.00,05/07/1905,Non Fiction,4.61011236,,,,
Radical: Taking Back Your Faith from the American Dream,David Platt,4.7,1985,9.00,02/07/1905,Non Fiction,4.610150376,,,,
Radical: Taking Back Your Faith from the American Dream,David Platt,4.7,1985,9.00,03/07/1905,Non Fiction,4.609811321,,,,
Ready Player One: A Novel,Ernest Cline,4.6,22536,12.00,09/07/1905,Fiction,4.609469697,,,,
Ready Player One: A Novel,Ernest Cline,4.6,22536,12.00,10/07/1905,Fiction,4.609505703,,,,
Rush Revere and the Brave Pilgrims: Time-Travel Adventures with Exceptional Americans (1),Rush Limbaugh,4.9,7150,12.00,05/07/1905,Fiction,4.609541985,,,,
Rush Revere and the First Patriots: Time-Travel Adventures With Exceptional Americans (2),Rush Limbaugh,4.9,3836,12.00,06/07/1905,Fiction,4.608429119,,,,
"Salt, Fat, Acid, Heat: Mastering the Elements of Good Cooking",Samin Nosrat,4.8,7802,20.00,10/07/1905,Non Fiction,4.607307692,,,,
"Salt, Fat, Acid, Heat: Mastering the Elements of Good Cooking",Samin Nosrat,4.8,7802,20.00,11/07/1905,Non Fiction,4.606563707,,,,
Sarah's Key,Tatiana de Rosnay,4.6,3619,10.00,02/07/1905,Fiction,4.605813953,,,,
"School Zone - Big Preschool Workbook - Ages 4 and Up, Colors, Shapes, Numbers 1-10, Alphabet, Pre-Writing, Pre-Reading…",School Zone,4.8,23047,6.00,10/07/1905,Non Fiction,4.605836576,,,,
"School Zone - Big Preschool Workbook - Ages 4 and Up, Colors, Shapes, Numbers 1-10, Alphabet, Pre-Writing, Pre-Reading…",School Zone,4.8,23047,6.00,11/07/1905,Non Fiction,4.605078125,,,,
"Secret Garden: An Inky Treasure Hunt and Coloring Book (For Adults, mindfulness coloring)",Johanna Basford,4.7,9366,9.00,07/07/1905,Non Fiction,4.604313725,,,,
Sh*t My Dad Says,Justin Halpern,4.7,1265,11.00,02/07/1905,Non Fiction,4.603937008,,,,
Ship of Fools: How a Selfish Ruling Class Is Bringing America to the Brink of Revolution,Tucker Carlson,4.8,3923,16.00,10/07/1905,Non Fiction,4.603557312,,,,
Shred: The Revolutionary Diet: 6 Weeks 4 Inches 2 Sizes,Ian K. Smith M.D.,4.1,2272,6.00,05/07/1905,Non Fiction,4.602777778,,,,
Sookie Stackhouse,Charlaine Harris,4.7,973,25.00,01/07/1905,Fiction,4.604780876,,,,
"Soul Healing Miracles: Ancient and New Sacred Wisdom, Knowledge, and Practical Techniques for Healing the Spiritual…",Zhi Gang Sha,4.6,220,17.00,05/07/1905,Non Fiction,4.6044,,,,
Steve Jobs,Walter Isaacson,4.6,7827,20.00,03/07/1905,Non Fiction,4.604417671,,,,
Steve Jobs,Walter Isaacson,4.6,7827,20.00,04/07/1905,Non Fiction,4.604435484,,,,
Strange Planet (Strange Planet Series),Nathan W. Pyle,4.9,9382,6.00,11/07/1905,Fiction,4.604453441,,,,
StrengthsFinder 2.0,Gallup,4,5069,17.00,01/07/1905,Non Fiction,4.603252033,,,,
StrengthsFinder 2.0,Gallup,4,5069,17.00,02/07/1905,Non Fiction,4.605714286,,,,
StrengthsFinder 2.0,Gallup,4,5069,17.00,03/07/1905,Non Fiction,4.608196721,,,,
StrengthsFinder 2.0,Gallup,4,5069,17.00,04/07/1905,Non Fiction,4.610699588,,,,
StrengthsFinder 2.0,Gallup,4,5069,17.00,05/07/1905,Non Fiction,4.61322314,,,,
StrengthsFinder 2.0,Gallup,4,5069,17.00,06/07/1905,Non Fiction,4.615767635,,,,
StrengthsFinder 2.0,Gallup,4,5069,17.00,07/07/1905,Non Fiction,4.618333333,,,,
StrengthsFinder 2.0,Gallup,4,5069,17.00,08/07/1905,Non Fiction,4.620920502,,,,
StrengthsFinder 2.0,Gallup,4,5069,17.00,09/07/1905,Non Fiction,4.623529412,,,,
"Super Freakonomics: Global Cooling, Patriotic Prostitutes, and Why Suicide Bombers Should Buy Life Insurance",Steven D. Levitt,4.5,1583,18.00,01/07/1905,Non Fiction,4.626160338,,,,
Switch: How to Change Things When Change Is Hard,Chip Heath,4.6,1907,13.00,02/07/1905,Non Fiction,4.626694915,,,,
Sycamore Row (Jake Brigance),John Grisham,4.5,23114,18.00,05/07/1905,Fiction,4.626808511,,,,
Teach Like a Champion: 49 Techniques that Put Students on the Path to College,Doug Lemov,4.4,637,20.00,02/07/1905,Non Fiction,4.627350427,,,,
Teach Like a Champion: 49 Techniques that Put Students on the Path to College,Doug Lemov,4.4,637,20.00,03/07/1905,Non Fiction,4.62832618,,,,
The 17 Day Diet: A Doctor's Plan Designed for Rapid Results,Mike Moreno,4.3,2314,22.00,03/07/1905,Non Fiction,4.629310345,,,,
"The 4 Hour Body: An Uncommon Guide to Rapid Fat Loss, Incredible Sex and Becoming Superhuman",Timothy Ferriss,4.3,4587,21.00,03/07/1905,Non Fiction,4.630735931,,,,
The 5 Love Languages: The Secret to Love That Lasts,Gary Chapman,4.7,3477,28.00,02/07/1905,Non Fiction,4.632173913,,,,
The 5 Love Languages: The Secret to Love That Lasts,Gary Chapman,4.7,3477,28.00,03/07/1905,Non Fiction,4.631877729,,,,
The 5 Love Languages: The Secret to Love That Lasts,Gary Chapman,4.7,3477,28.00,04/07/1905,Non Fiction,4.631578947,,,,
The 5 Love Languages: The Secret to Love That Lasts,Gary Chapman,4.7,3477,28.00,05/07/1905,Non Fiction,4.631277533,,,,
The 5 Love Languages: The Secret to Love That Lasts,Gary Chapman,4.7,3477,28.00,06/07/1905,Non Fiction,4.630973451,,,,
The 5 Love Languages: The Secret to Love that Lasts,Gary Chapman,4.8,25554,8.00,07/07/1905,Non Fiction,4.630666667,,,,
The 5 Love Languages: The Secret to Love that Lasts,Gary Chapman,4.8,25554,8.00,08/07/1905,Non Fiction,4.629910714,,,,
The 5 Love Languages: The Secret to Love that Lasts,Gary Chapman,4.8,25554,8.00,09/07/1905,Non Fiction,4.629147982,,,,
The 5 Love Languages: The Secret to Love that Lasts,Gary Chapman,4.8,25554,8.00,10/07/1905,Non Fiction,4.628378378,,,,
The 5 Love Languages: The Secret to Love that Lasts,Gary Chapman,4.8,25554,8.00,11/07/1905,Non Fiction,4.62760181,,,,
The 5000 Year Leap,W. Cleon Skousen,4.8,1680,12.00,01/07/1905,Non Fiction,4.626818182,,,,
The 7 Habits of Highly Effective People: Powerful Lessons in Personal Change,Stephen R. Covey,4.6,9325,24.00,01/07/1905,Non Fiction,4.626027397,,,,
The 7 Habits of Highly Effective People: Powerful Lessons in Personal Change,Stephen R. Covey,4.6,9325,24.00,03/07/1905,Non Fiction,4.626146789,,,,
The 7 Habits of Highly Effective People: Powerful Lessons in Personal Change,Stephen R. Covey,4.6,9325,24.00,04/07/1905,Non Fiction,4.626267281,,,,
The 7 Habits of Highly Effective People: Powerful Lessons in Personal Change,Stephen R. Covey,4.6,9325,24.00,05/07/1905,Non Fiction,4.626388889,,,,
The 7 Habits of Highly Effective People: Powerful Lessons in Personal Change,Stephen R. Covey,4.7,4725,16.00,07/07/1905,Non Fiction,4.626511628,,,,
The 7 Habits of Highly Effective People: Powerful Lessons in Personal Change,Stephen R. Covey,4.7,4725,16.00,08/07/1905,Non Fiction,4.626168224,,,,
The 7 Habits of Highly Effective People: Powerful Lessons in Personal Change,Stephen R. Covey,4.7,4725,16.00,09/07/1905,Non Fiction,4.625821596,,,,
The Alchemist,Paulo Coelho,4.7,35799,39.00,06/07/1905,Fiction,4.625471698,,,,
The Amateur,Edward Klein,4.6,2580,9.00,04/07/1905,Non Fiction,4.625118483,,,,
The Art of Racing in the Rain: A Novel,Garth Stein,4.7,11813,10.00,02/07/1905,Fiction,4.625238095,,,,
The Art of Racing in the Rain: A Novel,Garth Stein,4.7,11813,10.00,03/07/1905,Fiction,4.624880383,,,,
The Big Short: Inside the Doomsday Machine,Michael Lewis,4.7,3536,17.00,02/07/1905,Non Fiction,4.624519231,,,,
The Blood of Olympus (The Heroes of Olympus (5)),Rick Riordan,4.8,6600,11.00,06/07/1905,Fiction,4.624154589,,,,
"The Blood Sugar Solution: The UltraHealthy Program for Losing Weight, Preventing Disease, and Feeling Great Now!",Mark Hyman M.D.,4.2,1789,14.00,04/07/1905,Non Fiction,4.623300971,,,,
"The Body Keeps the Score: Brain, Mind, and Body in the Healing of Trauma",Bessel van der Kolk M.D.,4.8,12361,12.00,11/07/1905,Non Fiction,4.625365854,,,,
The Book of Basketball: The NBA According to The Sports Guy,Bill Simmons,4.7,858,53.00,01/07/1905,Non Fiction,4.624509804,,,,
The Book Thief,Markus Zusak,4.6,23148,6.00,05/07/1905,Fiction,4.624137931,,,,
The Book Thief,Markus Zusak,4.6,23148,6.00,06/07/1905,Fiction,4.624257426,,,,
The Book with No Pictures,B. J. Novak,4.8,8081,8.00,06/07/1905,Fiction,4.624378109,,,,
The Book with No Pictures,B. J. Novak,4.8,8081,8.00,07/07/1905,Fiction,4.6235,,,,
The Boys in the Boat: Nine Americans and Their Epic Quest for Gold at the 1936 Berlin Olympics,Daniel James Brown,4.8,23358,12.00,06/07/1905,Non Fiction,4.622613065,,,,
The Boys in the Boat: Nine Americans and Their Epic Quest for Gold at the 1936 Berlin Olympics,Daniel James Brown,4.8,23358,12.00,07/07/1905,Non Fiction,4.621717172,,,,
The Casual Vacancy,J.K. Rowling,3.3,9372,12.00,04/07/1905,Fiction,4.620812183,,,,
The China Study: The Most Comprehensive Study of Nutrition Ever Conducted And the Startling Implications for Diet…,Thomas Campbell,4.7,4633,21.00,03/07/1905,Non Fiction,4.62755102,,,,
The Complete Ketogenic Diet for Beginners: Your Essential Guide to Living the Keto Lifestyle,Amy Ramos,4.3,13061,6.00,10/07/1905,Non Fiction,4.627179487,,,,
The Complete Ketogenic Diet for Beginners: Your Essential Guide to Living the Keto Lifestyle,Amy Ramos,4.3,13061,6.00,11/07/1905,Non Fiction,4.628865979,,,,
The Confession: A Novel,John Grisham,4.3,3523,13.00,02/07/1905,Fiction,4.630569948,,,,
The Constitution of the United States,Delegates of the Constitutional,4.8,2774,0.00,08/07/1905,Non Fiction,4.632291667,,,,
The Daily Show with Jon Stewart Presents Earth (The Book): A Visitor's Guide to the Human Race,Jon Stewart,4.4,440,11.00,02/07/1905,Non Fiction,4.631413613,,,,
The Day the Crayons Quit,Drew Daywalt,4.8,8922,9.00,05/07/1905,Fiction,4.632631579,,,,
The Day the Crayons Quit,Drew Daywalt,4.8,8922,9.00,06/07/1905,Fiction,4.631746032,,,,
The Day the Crayons Quit,Drew Daywalt,4.8,8922,9.00,07/07/1905,Fiction,4.630851064,,,,
"The Dukan Diet: 2 Steps to Lose the Weight, 2 Steps to Keep It Off Forever",Pierre Dukan,4.1,2023,15.00,03/07/1905,Non Fiction,4.629946524,,,,
The Elegance of the Hedgehog,Muriel Barbery,4,1859,11.00,01/07/1905,Fiction,4.632795699,,,,
The Fault in Our Stars,John Green,4.7,50482,13.00,04/07/1905,Fiction,4.636216216,,,,
The Fault in Our Stars,John Green,4.7,50482,13.00,05/07/1905,Fiction,4.635869565,,,,
The Fault in Our Stars,John Green,4.7,50482,7.00,06/07/1905,Fiction,4.635519126,,,,
The Fault in Our Stars,John Green,4.7,50482,13.00,06/07/1905,Fiction,4.635164835,,,,
The Five Dysfunctions of a Team: A Leadership Fable,Patrick Lencioni,4.6,3207,6.00,01/07/1905,Non Fiction,4.63480663,,,,
The Five Dysfunctions of a Team: A Leadership Fable,Patrick Lencioni,4.6,3207,6.00,02/07/1905,Non Fiction,4.635,,,,
The Five Dysfunctions of a Team: A Leadership Fable,Patrick Lencioni,4.6,3207,6.00,03/07/1905,Non Fiction,4.635195531,,,,
The Five Dysfunctions of a Team: A Leadership Fable,Patrick Lencioni,4.6,3207,6.00,04/07/1905,Non Fiction,4.635393258,,,,
The Five Dysfunctions of a Team: A Leadership Fable,Patrick Lencioni,4.6,3207,6.00,05/07/1905,Non Fiction,4.63559322,,,,
The Five Love Languages: How to Express Heartfelt Commitment to Your Mate,Gary Chapman,4.6,803,9.00,01/07/1905,Non Fiction,4.635795455,,,,
The Four Agreements: A Practical Guide to Personal Freedom (A Toltec Wisdom Book),Don Miguel Ruiz,4.7,23308,6.00,05/07/1905,Non Fiction,4.636,,,,
The Four Agreements: A Practical Guide to Personal Freedom (A Toltec Wisdom Book),Don Miguel Ruiz,4.7,23308,6.00,07/07/1905,Non Fiction,4.635632184,,,,
The Four Agreements: A Practical Guide to Personal Freedom (A Toltec Wisdom Book),Don Miguel Ruiz,4.7,23308,6.00,08/07/1905,Non Fiction,4.635260116,,,,
The Four Agreements: A Practical Guide to Personal Freedom (A Toltec Wisdom Book),Don Miguel Ruiz,4.7,23308,6.00,09/07/1905,Non Fiction,4.634883721,,,,
The Four Agreements: A Practical Guide to Personal Freedom (A Toltec Wisdom Book),Don Miguel Ruiz,4.7,23308,6.00,10/07/1905,Non Fiction,4.634502924,,,,
The Four Agreements: A Practical Guide to Personal Freedom (A Toltec Wisdom Book),Don Miguel Ruiz,4.7,23308,6.00,11/07/1905,Non Fiction,4.634117647,,,,
The Getaway,Jeff Kinney,4.8,5836,0.00,09/07/1905,Fiction,4.633727811,,,,
The Girl on the Train,Paula Hawkins,4.1,79446,18.00,07/07/1905,Fiction,4.632738095,,,,
The Girl on the Train,Paula Hawkins,4.1,79446,7.00,08/07/1905,Fiction,4.635928144,,,,
The Girl Who Kicked the Hornet's Nest (Millennium Trilogy),Stieg Larsson,4.7,7747,14.00,02/07/1905,Fiction,4.639156627,,,,
The Girl Who Kicked the Hornet's Nest (Millennium Trilogy),Stieg Larsson,4.7,7747,14.00,03/07/1905,Fiction,4.638787879,,,,
The Girl Who Played with Fire (Millennium Series),Stieg Larsson,4.7,7251,9.00,02/07/1905,Fiction,4.638414634,,,,
The Girl Who Played with Fire (Millennium),Stieg Larsson,4.7,7251,16.00,01/07/1905,Fiction,4.63803681,,,,
The Girl with the Dragon Tattoo (Millennium Series),Stieg Larsson,4.4,10559,2.00,01/07/1905,Fiction,4.637654321,,,,
The Girl with the Dragon Tattoo (Millennium Series),Stieg Larsson,4.4,10559,2.00,02/07/1905,Fiction,4.639130435,,,,
The Going-To-Bed Book,Sandra Boynton,4.8,5249,5.00,08/07/1905,Fiction,4.640625,,,,
The Going-To-Bed Book,Sandra Boynton,4.8,5249,5.00,09/07/1905,Fiction,4.639622642,,,,
The Goldfinch: A Novel (Pulitzer Prize for Fiction),Donna Tartt,3.9,33844,20.00,05/07/1905,Fiction,4.638607595,,,,
The Goldfinch: A Novel (Pulitzer Prize for Fiction),Donna Tartt,3.9,33844,20.00,06/07/1905,Fiction,4.643312102,,,,
The Great Gatsby,F. Scott Fitzgerald,4.4,11616,7.00,04/07/1905,Fiction,4.648076923,,,,
The Great Gatsby,F. Scott Fitzgerald,4.4,11616,7.00,05/07/1905,Fiction,4.649677419,,,,
The Great Gatsby,F. Scott Fitzgerald,4.4,11616,7.00,06/07/1905,Fiction,4.651298701,,,,
The Guardians: A Novel,John Grisham,4.5,13609,14.00,11/07/1905,Fiction,4.652941176,,,,
The Guernsey Literary and Potato Peel Pie Society,Mary Ann Shaffer,4.7,8587,10.00,01/07/1905,Fiction,4.653947368,,,,
The Handmaid's Tale,Margaret Atwood,4.3,29442,7.00,09/07/1905,Fiction,4.653642384,,,,
The Harbinger: The Ancient Mystery that Holds the Secret of America's Future,Jonathan Cahn,4.6,11098,13.00,04/07/1905,Fiction,4.656,,,,
The Hate U Give,Angie Thomas,4.8,9947,11.00,10/07/1905,Fiction,4.656375839,,,,
The Help,Kathryn Stockett,4.8,13871,6.00,01/07/1905,Fiction,4.655405405,,,,
The Help,Kathryn Stockett,4.8,13871,6.00,02/07/1905,Fiction,4.654421769,,,,
The Help,Kathryn Stockett,4.8,13871,8.00,03/07/1905,Fiction,4.653424658,,,,
The Help,Kathryn Stockett,4.8,13871,7.00,03/07/1905,Fiction,4.652413793,,,,
"The House of Hades (Heroes of Olympus, Book 4)",Rick Riordan,4.8,6982,14.00,05/07/1905,Fiction,4.651388889,,,,
The Hunger Games,Suzanne Collins,4.7,32122,14.00,02/07/1905,Fiction,4.65034965,,,,
The Hunger Games (Book 1),Suzanne Collins,4.7,32122,8.00,03/07/1905,Fiction,4.65,,,,
The Hunger Games (Book 1),Suzanne Collins,4.7,32122,8.00,04/07/1905,Fiction,4.64964539,,,,
The Hunger Games Trilogy Boxed Set (1),Suzanne Collins,4.8,16949,30.00,03/07/1905,Fiction,4.649285714,,,,
The Hunger Games Trilogy Boxed Set (1),Suzanne Collins,4.8,16949,30.00,04/07/1905,Fiction,4.648201439,,,,
The Immortal Life of Henrietta Lacks,Rebecca Skloot,4.7,9289,13.00,02/07/1905,Non Fiction,4.647101449,,,,
The Immortal Life of Henrietta Lacks,Rebecca Skloot,4.7,9289,9.00,03/07/1905,Non Fiction,4.646715328,,,,
The Immortal Life of Henrietta Lacks,Rebecca Skloot,4.7,9289,9.00,04/07/1905,Non Fiction,4.646323529,,,,
The Instant Pot Electric Pressure Cooker Cookbook: Easy Recipes for Fast & Healthy Meals,Laurel Randolph,4.3,7368,7.00,09/07/1905,Non Fiction,4.645925926,,,,
The Instant Pot Electric Pressure Cooker Cookbook: Easy Recipes for Fast & Healthy Meals,Laurel Randolph,4.3,7368,7.00,10/07/1905,Non Fiction,4.648507463,,,,
The Last Lecture,Randy Pausch,4.7,4028,9.00,01/07/1905,Non Fiction,4.65112782,,,,
"The Last Olympian (Percy Jackson and the Olympians, Book 5)",Rick Riordan,4.8,4628,7.00,01/07/1905,Fiction,4.650757576,,,,
"The Last Olympian (Percy Jackson and the Olympians, Book 5)",Rick Riordan,4.8,4628,7.00,02/07/1905,Fiction,4.649618321,,,,
The Legend of Zelda: Hyrule Historia,Patrick Thorpe,4.9,5396,20.00,05/07/1905,Fiction,4.648461538,,,,
The Lego Ideas Book: Unlock Your Imagination,Daniel Lipkowitz,4.4,4247,13.00,03/07/1905,Non Fiction,4.646511628,,,,
The Lego Ideas Book: Unlock Your Imagination,Daniel Lipkowitz,4.4,4247,13.00,04/07/1905,Non Fiction,4.6484375,,,,
The Life-Changing Magic of Tidying Up: The Japanese Art of Decluttering and Organizing,Marie Kondō,4.5,22641,11.00,07/07/1905,Non Fiction,4.650393701,,,,
The Life-Changing Magic of Tidying Up: The Japanese Art of Decluttering and Organizing,Marie Kondō,4.5,22641,11.00,08/07/1905,Non Fiction,4.651587302,,,,
The Life-Changing Magic of Tidying Up: The Japanese Art of Decluttering and Organizing,Marie Kondō,4.5,22641,11.00,09/07/1905,Non Fiction,4.6528,,,,
The Life-Changing Magic of Tidying Up: The Japanese Art of Decluttering and Organizing,Marie Kondō,4.5,22641,11.00,11/07/1905,Non Fiction,4.654032258,,,,
The Litigators,John Grisham,4.4,6222,18.00,03/07/1905,Fiction,4.655284553,,,,
"The Lost Hero (Heroes of Olympus, Book 1)",Rick Riordan,4.8,4506,14.00,02/07/1905,Fiction,4.657377049,,,,
The Lost Symbol,Dan Brown,4.2,8747,19.00,01/07/1905,Fiction,4.656198347,,,,
The Love Dare,Stephen Kendrick,4.8,1655,13.00,01/07/1905,Non Fiction,4.66,,,,
The Magnolia Story,Chip Gaines,4.9,7861,5.00,08/07/1905,Non Fiction,4.658823529,,,,
"The Mark of Athena (Heroes of Olympus, Book 3)",Rick Riordan,4.8,6247,10.00,04/07/1905,Fiction,4.656779661,,,,
The Martian,Andy Weir,4.7,39459,9.00,07/07/1905,Fiction,4.655555556,,,,
The Maze Runner (Book 1),James Dashner,4.5,10101,8.00,06/07/1905,Fiction,4.655172414,,,,
The Meltdown (Diary of a Wimpy Kid Book 13),Jeff Kinney,4.8,5898,8.00,10/07/1905,Fiction,4.656521739,,,,
The Mueller Report,The Washington Post,4.6,2744,12.00,11/07/1905,Non Fiction,4.655263158,,,,
The Nightingale: A Novel,Kristin Hannah,4.8,49288,11.00,07/07/1905,Fiction,4.655752212,,,,
The Nightingale: A Novel,Kristin Hannah,4.8,49288,11.00,08/07/1905,Fiction,4.654464286,,,,
The Official SAT Study Guide,The College Board,4.4,1201,40.00,02/07/1905,Non Fiction,4.653153153,,,,
The Official SAT Study Guide,The College Board,4.4,1201,40.00,03/07/1905,Non Fiction,4.655454545,,,,
The Official SAT Study Guide,The College Board,4.4,1201,40.00,04/07/1905,Non Fiction,4.657798165,,,,
The Official SAT Study Guide,The College Board,4.4,1201,40.00,05/07/1905,Non Fiction,4.660185185,,,,
The Official SAT Study Guide,The College Board,4.4,1201,40.00,06/07/1905,Non Fiction,4.662616822,,,,
"The Official SAT Study Guide, 2016 Edition (Official Study Guide for the New Sat)",The College Board,4.3,807,36.00,08/07/1905,Non Fiction,4.66509434,,,,
The Paris Wife: A Novel,Paula McLain,4.3,3759,16.00,03/07/1905,Fiction,4.668571429,,,,
"The Pioneer Woman Cooks: A Year of Holidays: 140 Step-by-Step Recipes for Simple, Scrumptious Celebrations",Ree Drummond,4.8,2663,17.00,05/07/1905,Non Fiction,4.672115385,,,,
"The Pioneer Woman Cooks: Dinnertime - Comfort Classics, Freezer Food, 16-minute Meals, and Other Delicious Ways to Solve…",Ree Drummond,4.8,3428,14.00,07/07/1905,Non Fiction,4.670873786,,,,
The Pioneer Woman Cooks: Food from My Frontier,Ree Drummond,4.8,2876,21.00,04/07/1905,Non Fiction,4.669607843,,,,
"The Plant Paradox Cookbook: 100 Delicious Recipes to Help You Lose Weight, Heal Your Gut, and Live Lectin-Free",Dr. Steven R Gundry MD,4.5,3601,18.00,10/07/1905,Non Fiction,4.668316832,,,,
"The Plant Paradox: The Hidden Dangers in ""Healthy"" Foods That Cause Disease and Weight Gain",Dr. Steven R Gundry MD,4.4,7058,17.00,10/07/1905,Non Fiction,4.67,,,,
The Pout-Pout Fish,Deborah Diesen,4.8,9784,5.00,09/07/1905,Fiction,4.672727273,,,,
The Pout-Pout Fish,Deborah Diesen,4.8,9784,5.00,10/07/1905,Fiction,4.671428571,,,,
The Power of Habit: Why We Do What We Do in Life and Business,Charles Duhigg,4.6,10795,21.00,04/07/1905,Non Fiction,4.670103093,,,,
The President Is Missing: A Novel,James Patterson,4.3,10191,18.00,10/07/1905,Fiction,4.670833333,,,,
The Racketeer,John Grisham,4.3,14493,18.00,04/07/1905,Fiction,4.674736842,,,,
"The Red Pyramid (The Kane Chronicles, Book 1)",Rick Riordan,4.6,2186,12.00,02/07/1905,Fiction,4.678723404,,,,
"The Road to Serfdom: Text and Documents--The Definitive Edition (The Collected Works of F. A. Hayek, Volume 2)",F. A. Hayek,4.6,1204,14.00,02/07/1905,Non Fiction,4.679569892,,,,
"The Serpent's Shadow (The Kane Chronicles, Book 3)",Rick Riordan,4.8,2091,12.00,04/07/1905,Fiction,4.680434783,,,,
The Shack: Where Tragedy Confronts Eternity,William P. Young,4.6,19720,8.00,01/07/1905,Fiction,4.679120879,,,,
The Shack: Where Tragedy Confronts Eternity,William P. Young,4.6,19720,8.00,09/07/1905,Fiction,4.68,,,,
The Short Second Life of Bree Tanner: An Eclipse Novella (The Twilight Saga),Stephenie Meyer,4.6,2122,0.00,02/07/1905,Fiction,4.680898876,,,,
The Silent Patient,Alex Michaelides,4.5,27536,14.00,11/07/1905,Fiction,4.681818182,,,,
"The Son of Neptune (Heroes of Olympus, Book 2)",Rick Riordan,4.8,4290,10.00,03/07/1905,Fiction,4.683908046,,,,
The Subtle Art of Not Giving a F*ck: A Counterintuitive Approach to Living a Good Life,Mark Manson,4.6,26490,15.00,09/07/1905,Non Fiction,4.68255814,,,,
The Subtle Art of Not Giving a F*ck: A Counterintuitive Approach to Living a Good Life,Mark Manson,4.6,26490,15.00,10/07/1905,Non Fiction,4.683529412,,,,
The Subtle Art of Not Giving a F*ck: A Counterintuitive Approach to Living a Good Life,Mark Manson,4.6,26490,15.00,11/07/1905,Non Fiction,4.68452381,,,,
The Sun and Her Flowers,Rupi Kaur,4.7,5487,9.00,09/07/1905,Non Fiction,4.685542169,,,,
"The Third Wheel (Diary of a Wimpy Kid, Book 7)",Jeff Kinney,4.7,6377,7.00,04/07/1905,Fiction,4.685365854,,,,
"The Throne of Fire (The Kane Chronicles, Book 2)",Rick Riordan,4.7,1463,10.00,03/07/1905,Fiction,4.685185185,,,,
The Time Traveler's Wife,Audrey Niffenegger,4.4,3759,6.00,01/07/1905,Fiction,4.685,,,,
The Tipping Point: How Little Things Can Make a Big Difference,Malcolm Gladwell,4.4,3503,9.00,01/07/1905,Non Fiction,4.688607595,,,,
The Total Money Makeover: Classic Edition: A Proven Plan for Financial Fitness,Dave Ramsey,4.7,11550,10.00,11/07/1905,Non Fiction,4.692307692,,,,
The Twilight Saga Collection,Stephenie Meyer,4.7,3801,82.00,01/07/1905,Fiction,4.692207792,,,,
"The Ugly Truth (Diary of a Wimpy Kid, Book 5)",Jeff Kinney,4.8,3796,12.00,02/07/1905,Fiction,4.692105263,,,,
The Unofficial Harry Potter Cookbook: From Cauldron Cakes to Knickerbocker Glory--More Than 150 Magical Recipes for…,Dinah Bucholz,4.7,9030,10.00,11/07/1905,Non Fiction,4.690666667,,,,
The Very Hungry Caterpillar,Eric Carle,4.9,19546,5.00,05/07/1905,Fiction,4.690540541,,,,
The Very Hungry Caterpillar,Eric Carle,4.9,19546,5.00,06/07/1905,Fiction,4.687671233,,,,
The Very Hungry Caterpillar,Eric Carle,4.9,19546,5.00,07/07/1905,Fiction,4.684722222,,,,
The Very Hungry Caterpillar,Eric Carle,4.9,19546,5.00,08/07/1905,Fiction,4.681690141,,,,
The Very Hungry Caterpillar,Eric Carle,4.9,19546,5.00,09/07/1905,Fiction,4.678571429,,,,
The Very Hungry Caterpillar,Eric Carle,4.9,19546,5.00,10/07/1905,Fiction,4.675362319,,,,
The Very Hungry Caterpillar,Eric Carle,4.9,19546,5.00,11/07/1905,Fiction,4.672058824,,,,
The Whole30: The 30-Day Guide to Total Health and Food Freedom,Melissa Hartwig Urban,4.6,7508,16.00,07/07/1905,Non Fiction,4.668656716,,,,
The Whole30: The 30-Day Guide to Total Health and Food Freedom,Melissa Hartwig Urban,4.6,7508,16.00,08/07/1905,Non Fiction,4.66969697,,,,
The Whole30: The 30-Day Guide to Total Health and Food Freedom,Melissa Hartwig Urban,4.6,7508,16.00,09/07/1905,Non Fiction,4.670769231,,,,
The Wonderful Things You Will Be,Emily Winfield Martin,4.9,8842,10.00,08/07/1905,Fiction,4.671875,,,,
The Wonderful Things You Will Be,Emily Winfield Martin,4.9,8842,10.00,09/07/1905,Fiction,4.668253968,,,,
The Wonderful Things You Will Be,Emily Winfield Martin,4.9,8842,10.00,10/07/1905,Fiction,4.664516129,,,,
The Wonderful Things You Will Be,Emily Winfield Martin,4.9,8842,10.00,11/07/1905,Fiction,4.660655738,,,,
The Wonky Donkey,Craig Smith,4.8,30183,4.00,10/07/1905,Fiction,4.656666667,,,,
The Wonky Donkey,Craig Smith,4.8,30183,4.00,11/07/1905,Fiction,4.654237288,,,,
The Wright Brothers,David McCullough,4.7,6169,16.00,07/07/1905,Non Fiction,4.651724138,,,,
"Things That Matter: Three Decades of Passions, Pastimes and Politics [Deckled Edge]",Charles Krauthammer,4.7,7034,15.00,05/07/1905,Non Fiction,4.650877193,,,,
"Thinking, Fast and Slow",Daniel Kahneman,4.6,11034,19.00,03/07/1905,Non Fiction,4.65,,,,
"Thinking, Fast and Slow",Daniel Kahneman,4.6,11034,19.00,04/07/1905,Non Fiction,4.650909091,,,,
Thirteen Reasons Why,Jay Asher,4.5,7932,9.00,09/07/1905,Fiction,4.651851852,,,,
Thomas Jefferson: The Art of Power,Jon Meacham,4.5,1904,23.00,04/07/1905,Non Fiction,4.654716981,,,,
Three Cups of Tea: One Man's Mission to Promote Peace - One School at a Time,Greg Mortenson,4.3,3319,11.00,01/07/1905,Non Fiction,4.657692308,,,,
Three Cups of Tea: One Man's Mission to Promote Peace - One School at a Time,Greg Mortenson,4.3,3319,11.00,02/07/1905,Non Fiction,4.664705882,,,,
Thug Kitchen: The Official Cookbook: Eat Like You Give a F*ck (Thug Kitchen Cookbooks),Thug Kitchen,4.6,11128,23.00,06/07/1905,Non Fiction,4.672,,,,
Thug Kitchen: The Official Cookbook: Eat Like You Give a F*ck (Thug Kitchen Cookbooks),Thug Kitchen,4.6,11128,23.00,07/07/1905,Non Fiction,4.673469388,,,,
Thug Kitchen: The Official Cookbook: Eat Like You Give a F*ck (Thug Kitchen Cookbooks),Thug Kitchen,4.6,11128,23.00,08/07/1905,Non Fiction,4.675,,,,
Thug Kitchen: The Official Cookbook: Eat Like You Give a F*ck (Thug Kitchen Cookbooks),Thug Kitchen,4.6,11128,23.00,09/07/1905,Non Fiction,4.676595745,,,,
Tina Fey: Bossypants,Tina Fey,4.3,5977,12.00,03/07/1905,Non Fiction,4.67826087,,,,
To Kill a Mockingbird,Harper Lee,4.8,26234,0.00,05/07/1905,Fiction,4.686666667,,,,
To Kill a Mockingbird,Harper Lee,4.8,26234,0.00,06/07/1905,Fiction,4.684090909,,,,
To Kill a Mockingbird,Harper Lee,4.8,26234,0.00,07/07/1905,Fiction,4.681395349,,,,
To Kill a Mockingbird,Harper Lee,4.8,26234,0.00,08/07/1905,Fiction,4.678571429,,,,
To Kill a Mockingbird,Harper Lee,4.8,26234,7.00,11/07/1905,Fiction,4.675609756,,,,
"Tools of Titans: The Tactics, Routines, and Habits of Billionaires, Icons, and World-Class Performers",Timothy Ferriss,4.6,4360,21.00,09/07/1905,Non Fiction,4.6725,,,,
"Towers of Midnight (Wheel of Time, Book Thirteen)",Robert Jordan,4.8,2282,21.00,02/07/1905,Fiction,4.674358974,,,,
True Compass: A Memoir,Edward M. Kennedy,4.5,438,15.00,01/07/1905,Non Fiction,4.671052632,,,,
"Twilight (The Twilight Saga, Book 1)",Stephenie Meyer,4.7,11676,9.00,01/07/1905,Fiction,4.675675676,,,,
Ultimate Sticker Book: Frozen: More Than 60 Reusable Full-Color Stickers,DK,4.5,2586,5.00,06/07/1905,Fiction,4.675,,,,
"Unbroken: A World War II Story of Survival, Resilience, and Redemption",Laura Hillenbrand,4.8,29673,16.00,02/07/1905,Non Fiction,4.68,,,,
"Unbroken: A World War II Story of Survival, Resilience, and Redemption",Laura Hillenbrand,4.8,29673,16.00,03/07/1905,Non Fiction,4.676470588,,,,
"Unbroken: A World War II Story of Survival, Resilience, and Redemption",Laura Hillenbrand,4.8,29673,16.00,04/07/1905,Non Fiction,4.672727273,,,,
"Unbroken: A World War II Story of Survival, Resilience, and Redemption",Laura Hillenbrand,4.8,29673,13.00,06/07/1905,Non Fiction,4.66875,,,,
"Unbroken: A World War II Story of Survival, Resilience, and Redemption",Laura Hillenbrand,4.8,29673,16.00,06/07/1905,Non Fiction,4.664516129,,,,
Under the Dome: A Novel,Stephen King,4.3,6740,20.00,01/07/1905,Fiction,4.66,,,,
Unfreedom of the Press,Mark R. Levin,4.9,5956,11.00,11/07/1905,Non Fiction,4.672413793,,,,
Unicorn Coloring Book: For Kids Ages 4-8 (US Edition) (Silly Bear Coloring Books),Silly Bear,4.8,6108,4.00,11/07/1905,Non Fiction,4.664285714,,,,
"Uninvited: Living Loved When You Feel Less Than, Left Out, and Lonely",Lysa TerKeurst,4.7,4585,9.00,08/07/1905,Non Fiction,4.659259259,,,,
Watchmen,Alan Moore,4.8,3829,42.00,01/07/1905,Fiction,4.657692308,,,,
Water for Elephants: A Novel,Sara Gruen,4.5,8958,12.00,03/07/1905,Fiction,4.652,,,,
What Happened,Hillary Rodham Clinton,4.6,5492,18.00,09/07/1905,Non Fiction,4.658333333,,,,
What If?: Serious Scientific Answers to Absurd Hypothetical Questions,Randall Munroe,4.7,9292,17.00,06/07/1905,Non Fiction,4.660869565,,,,
What Pet Should I Get? (Classic Seuss),Dr. Seuss,4.7,1873,14.00,07/07/1905,Fiction,4.659090909,,,,
What Should Danny Do? (The Power to Choose Series),Adir Levy,4.8,8170,13.00,11/07/1905,Fiction,4.657142857,,,,
What to Expect When You're Expecting,Heidi Murkoff,4.4,3341,9.00,03/07/1905,Non Fiction,4.65,,,,
"Wheat Belly: Lose the Wheat, Lose the Weight, and Find Your Path Back to Health",William Davis,4.4,7497,6.00,04/07/1905,Non Fiction,4.663157895,,,,
"Wheat Belly: Lose the Wheat, Lose the Weight, and Find Your Path Back to Health",William Davis,4.4,7497,6.00,05/07/1905,Non Fiction,4.677777778,,,,
When Breath Becomes Air,Paul Kalanithi,4.8,13779,14.00,08/07/1905,Non Fiction,4.694117647,,,,
Where the Crawdads Sing,Delia Owens,4.8,87841,15.00,11/07/1905,Fiction,4.6875,,,,
Where the Wild Things Are,Maurice Sendak,4.8,9967,13.00,01/07/1905,Fiction,4.68,,,,
Whose Boat Is This Boat?: Comments That Don't Help in the Aftermath of a Hurricane,The Staff of The Late Show with,4.6,6669,12.00,10/07/1905,Non Fiction,4.671428571,,,,
Wild: From Lost to Found on the Pacific Crest Trail,Cheryl Strayed,4.4,17044,18.00,04/07/1905,Non Fiction,4.676923077,,,,
Winter of the World: Book Two of the Century Trilogy,Ken Follett,4.5,10760,15.00,04/07/1905,Fiction,4.7,,,,
Women Food and God: An Unexpected Path to Almost Everything,Geneen Roth,4.2,1302,11.00,02/07/1905,Non Fiction,4.718181818,,,,
Wonder,R. J. Palacio,4.8,21625,9.00,05/07/1905,Fiction,4.77,,,,
Wonder,R. J. Palacio,4.8,21625,9.00,06/07/1905,Fiction,4.766666667,,,,
Wonder,R. J. Palacio,4.8,21625,9.00,07/07/1905,Fiction,4.7625,,,,
Wonder,R. J. Palacio,4.8,21625,9.00,08/07/1905,Fiction,4.757142857,,,,
Wonder,R. J. Palacio,4.8,21625,9.00,09/07/1905,Fiction,4.75,,,,
Wrecking Ball (Diary of a Wimpy Kid Book 14),Jeff Kinney,4.9,9413,8.00,11/07/1905,Fiction,4.74,,,,
You Are a Badass: How to Stop Doubting Your Greatness and Start Living an Awesome Life,Jen Sincero,4.7,14331,8.00,08/07/1905,Non Fiction,4.7,,,,
You Are a Badass: How to Stop Doubting Your Greatness and Start Living an Awesome Life,Jen Sincero,4.7,14331,8.00,09/07/1905,Non Fiction,4.7,,,,
You Are a Badass: How to Stop Doubting Your Greatness and Start Living an Awesome Life,Jen Sincero,4.7,14331,8.00,10/07/1905,Non Fiction,4.7,,,,
You Are a Badass: How to Stop Doubting Your Greatness and Start Living an Awesome Life,Jen Sincero,4.7,14331,8.00,11/07/1905,Non Fiction,4.7,,,,
